{
    "type": "minecraft:tree",
    "config": {
        "decorators": [],
        "dirt_provider": {
            "type": "minecraft:simple_state_provider",
            "state": {
                "Name": "minecraft:dirt"
            }
        },
        "foliage_placer": {
            "type": "minecraft:fancy_foliage_placer",
            "height": 5,
            "offset": 0,
            "radius": {
                "type": "minecraft:uniform",
                "min_inclusive": 2,
                "max_inclusive": 3
            }
        },
        "foliage_provider": {
            "type": "minecraft:weighted_state_provider",
            "entries": [
                {
                    "data": {
                        "Name": "minecraft:dark_oak_leaves",
                        "Properties": {
                            "distance": "7",
                            "persistent": "false",
                            "waterlogged": "false"
                        }
                    },
                    "weight": 10
                },
                {
                    "data": {
                        "Name": "minecraft:air"
                    },
                    "weight": 1
                }
            ]
        },
        "force_dirt": true,
        "ignore_vines": false,
        "minimum_size": {
            "type": "minecraft:two_layers_feature_size",
            "limit": 1,
            "lower_size": 1,
            "upper_size": 2
        },
        "trunk_placer": {
            "type": "minecraft:mega_jungle_trunk_placer",
            "base_height": 12,
            "height_rand_a": 5,
            "height_rand_b": 21
        },
        "trunk_provider": {
            "type": "minecraft:simple_state_provider",
            "state": {
                "Name": "minecraft:dark_oak_log",
                "Properties": {
                    "axis": "y"
                }
            }
        }
    }
}